id,category,value1,value2
1,A,25,51.55233602314772
2,B,23,30.304537790788324
3,A,37,91.01195794962689
4,C,23,17.4674049609874
5,B,27,37.07377706211336
